Model,Accuracy
svc,0.9104
rfc,0.9794
knc,0.914
xgb,0.977
fnn,0.8303999900817871
cnn,0.2298000007867813
