Model,Accuracy
svc,0.9054
rfc,0.9812
knc,0.905
xgb,0.9728
fnn,0.9638000130653381
cnn,0.9570000171661377
